"External ID","ID","Name","State/External ID","State/ID","Country/External ID","Country/ID"
"rv_location_custom.city_id_332","846","Kabupaten Aceh Barat","base.state_id_ac","613","base.id","100"
"rv_location_custom.city_id_333","847","Kabupaten Aceh Barat Daya","base.state_id_ac","613","base.id","100"
"rv_location_custom.city_id_334","848","Kabupaten Aceh Besar","base.state_id_ac","613","base.id","100"
"rv_location_custom.city_id_335","849","Kabupaten Aceh Jaya","base.state_id_ac","613","base.id","100"
"rv_location_custom.city_id_336","850","Kabupaten Aceh Selatan","base.state_id_ac","613","base.id","100"
"rv_location_custom.city_id_337","851","Kabupaten Aceh Singkil","base.state_id_ac","613","base.id","100"
"rv_location_custom.city_id_338","852","Kabupaten Aceh Tamiang","base.state_id_ac","613","base.id","100"
"rv_location_custom.city_id_339","853","Kabupaten Aceh Tengah","base.state_id_ac","613","base.id","100"
"rv_location_custom.city_id_340","854","Kabupaten Aceh Tenggara","base.state_id_ac","613","base.id","100"
"rv_location_custom.city_id_341","855","Kabupaten Aceh Timur","base.state_id_ac","613","base.id","100"
"rv_location_custom.city_id_342","856","Kabupaten Aceh Utara","base.state_id_ac","613","base.id","100"
"rv_location_custom.city_id_446","960","Kabupaten Agam","base.state_id_sb","646","base.id","100"
"rv_location_custom.city_id_256","770","Kabupaten Alor","base.state_id_nt","634","base.id","100"
"rv_location_custom.city_id_482","996","Kabupaten Asahan","base.state_id_su","648","base.id","100"
"rv_location_custom.city_id_278","792","Kabupaten Asmat","base.state_id_pa","635","base.id","100"
"rv_location_custom.city_id_355","869","Kabupaten Badung","base.state_id_ba","614","base.id","100"
"rv_location_custom.city_id_161","675","Kabupaten Balangan","base.state_id_ks","625","base.id","100"
"rv_location_custom.city_id_48","562","Kabupaten Bandung","base.state_id_jb","621","base.id","100"
"rv_location_custom.city_id_49","563","Kabupaten Bandung Barat","base.state_id_jb","621","base.id","100"
"rv_location_custom.city_id_401","915","Kabupaten Banggai","base.state_id_st","643","base.id","100"
"rv_location_custom.city_id_402","916","Kabupaten Banggai Kepulauan","base.state_id_st","643","base.id","100"
"rv_location_custom.city_id_403","917","Kabupaten Banggai Laut","base.state_id_st","643","base.id","100"
"rv_location_custom.city_id_364","878","Kabupaten Bangka","base.state_id_bb","615","base.id","100"
"rv_location_custom.city_id_365","879","Kabupaten Bangka Barat","base.state_id_bb","615","base.id","100"
"rv_location_custom.city_id_366","880","Kabupaten Bangka Selatan","base.state_id_bb","615","base.id","100"
"rv_location_custom.city_id_367","881","Kabupaten Bangka Tengah","base.state_id_bb","615","base.id","100"
"rv_location_custom.city_id_109","623","Kabupaten Bangkalan","base.state_id_ji","623","base.id","100"
"rv_location_custom.city_id_356","870","Kabupaten Bangli","base.state_id_ba","614","base.id","100"
"rv_location_custom.city_id_162","676","Kabupaten Banjar","base.state_id_ks","625","base.id","100"
"rv_location_custom.city_id_74","588","Kabupaten Banjarnegara","base.state_id_jt","622","base.id","100"
"rv_location_custom.city_id_377","891","Kabupaten Bantaeng","base.state_id_sn","642","base.id","100"
"rv_location_custom.city_id_19","533","Kabupaten Bantul","base.state_id_yo","649","base.id","100"
"rv_location_custom.city_id_465","979","Kabupaten Banyuasin","base.state_id_ss","647","base.id","100"
"rv_location_custom.city_id_75","589","Kabupaten Banyumas","base.state_id_jt","622","base.id","100"
"rv_location_custom.city_id_110","624","Kabupaten Banyuwangi","base.state_id_ji","623","base.id","100"
"rv_location_custom.city_id_165","679","Kabupaten Barito Kuala","base.state_id_ks","625","base.id","100"
"rv_location_custom.city_id_174","688","Kabupaten Barito Selatan","base.state_id_kt","626","base.id","100"
"rv_location_custom.city_id_175","689","Kabupaten Barito Timur","base.state_id_kt","626","base.id","100"
"rv_location_custom.city_id_176","690","Kabupaten Barito Utara","base.state_id_kt","626","base.id","100"
"rv_location_custom.city_id_378","892","Kabupaten Barru","base.state_id_sn","642","base.id","100"
"rv_location_custom.city_id_76","590","Kabupaten Batang","base.state_id_jt","622","base.id","100"
"rv_location_custom.city_id_36","550","Kabupaten Batang Hari","base.state_id_ja","620","base.id","100"
"rv_location_custom.city_id_483","997","Kabupaten Batu Bara","base.state_id_su","648","base.id","100"
"rv_location_custom.city_id_52","566","Kabupaten Bekasi","base.state_id_jb","621","base.id","100"
"rv_location_custom.city_id_368","882","Kabupaten Belitung","base.state_id_bb","615","base.id","100"
"rv_location_custom.city_id_369","883","Kabupaten Belitung Timur","base.state_id_bb","615","base.id","100"
"rv_location_custom.city_id_257","771","Kabupaten Belu","base.state_id_nt","634","base.id","100"
"rv_location_custom.city_id_344","858","Kabupaten Bener Meriah","base.state_id_ac","613","base.id","100"
"rv_location_custom.city_id_320","834","Kabupaten Bengkalis","base.state_id_ri","640","base.id","100"
"rv_location_custom.city_id_147","661","Kabupaten Bengkayang","base.state_id_kb","624","base.id","100"
"rv_location_custom.city_id_10","524","Kabupaten Bengkulu Selatan","base.state_id_be","617","base.id","100"
"rv_location_custom.city_id_11","525","Kabupaten Bengkulu Tengah","base.state_id_be","617","base.id","100"
"rv_location_custom.city_id_12","526","Kabupaten Bengkulu Utara","base.state_id_be","617","base.id","100"
"rv_location_custom.city_id_189","703","Kabupaten Berau","base.state_id_ki","627","base.id","100"
"rv_location_custom.city_id_279","793","Kabupaten Biak Numfor","base.state_id_pa","635","base.id","100"
"rv_location_custom.city_id_247","761","Kabupaten Bima","base.state_id_nb","633","base.id","100"
"rv_location_custom.city_id_204","718","Kabupaten Bintan","base.state_id_kr","629","base.id","100"
"rv_location_custom.city_id_345","859","Kabupaten Bireuen","base.state_id_ac","613","base.id","100"
"rv_location_custom.city_id_113","627","Kabupaten Blitar","base.state_id_ji","623","base.id","100"
"rv_location_custom.city_id_77","591","Kabupaten Blora","base.state_id_jt","622","base.id","100"
"rv_location_custom.city_id_30","544","Kabupaten Boalemo","base.state_id_go","618","base.id","100"
"rv_location_custom.city_id_54","568","Kabupaten Bogor","base.state_id_jb","621","base.id","100"
"rv_location_custom.city_id_114","628","Kabupaten Bojonegoro","base.state_id_ji","623","base.id","100"
"rv_location_custom.city_id_432","946","Kabupaten Bolaang Mongondow","base.state_id_sa","645","base.id","100"
"rv_location_custom.city_id_433","947","Kabupaten Bolaang Mongondow Selatan","base.state_id_sa","645","base.id","100"
"rv_location_custom.city_id_434","948","Kabupaten Bolaang Mongondow Timur","base.state_id_sa","645","base.id","100"
"rv_location_custom.city_id_435","949","Kabupaten Bolaang Mongondow Utara","base.state_id_sa","645","base.id","100"
"rv_location_custom.city_id_415","929","Kabupaten Bombana","base.state_id_sg","644","base.id","100"
"rv_location_custom.city_id_115","629","Kabupaten Bondowoso","base.state_id_ji","623","base.id","100"
"rv_location_custom.city_id_379","893","Kabupaten Bone","base.state_id_sn","642","base.id","100"
"rv_location_custom.city_id_31","545","Kabupaten Bone Bolango","base.state_id_go","618","base.id","100"
"rv_location_custom.city_id_280","794","Kabupaten Boven Digoel","base.state_id_pa","635","base.id","100"
"rv_location_custom.city_id_78","592","Kabupaten Boyolali","base.state_id_jt","622","base.id","100"
"rv_location_custom.city_id_79","593","Kabupaten Brebes","base.state_id_jt","622","base.id","100"
"rv_location_custom.city_id_357","871","Kabupaten Buleleng","base.state_id_ba","614","base.id","100"
"rv_location_custom.city_id_380","894","Kabupaten Bulukumba","base.state_id_sn","642","base.id","100"
"rv_location_custom.city_id_198","712","Kabupaten Bulungan","base.state_id_ku","628","base.id","100"
"rv_location_custom.city_id_37","551","Kabupaten Bungo","base.state_id_ja","620","base.id","100"
"rv_location_custom.city_id_404","918","Kabupaten Buol","base.state_id_st","643","base.id","100"
"rv_location_custom.city_id_226","740","Kabupaten Buru","base.state_id_ma","631","base.id","100"
"rv_location_custom.city_id_227","741","Kabupaten Buru Selatan","base.state_id_ma","631","base.id","100"
"rv_location_custom.city_id_416","930","Kabupaten Buton","base.state_id_sg","644","base.id","100"
"rv_location_custom.city_id_417","931","Kabupaten Buton Selatan","base.state_id_sg","644","base.id","100"
"rv_location_custom.city_id_418","932","Kabupaten Buton Tengah","base.state_id_sg","644","base.id","100"
"rv_location_custom.city_id_419","933","Kabupaten Buton Utara","base.state_id_sg","644","base.id","100"
"rv_location_custom.city_id_55","569","Kabupaten Ciamis","base.state_id_jb","621","base.id","100"
"rv_location_custom.city_id_56","570","Kabupaten Cianjur","base.state_id_jb","621","base.id","100"
"rv_location_custom.city_id_80","594","Kabupaten Cilacap","base.state_id_jt","622","base.id","100"
"rv_location_custom.city_id_59","573","Kabupaten Cirebon","base.state_id_jb","621","base.id","100"
"rv_location_custom.city_id_485","999","Kabupaten Dairi","base.state_id_su","648","base.id","100"
"rv_location_custom.city_id_281","795","Kabupaten Deiyai","base.state_id_pa","635","base.id","100"
"rv_location_custom.city_id_486","1000","Kabupaten Deli Serdang","base.state_id_su","648","base.id","100"
"rv_location_custom.city_id_81","595","Kabupaten Demak","base.state_id_jt","622","base.id","100"
"rv_location_custom.city_id_448","962","Kabupaten Dharmasraya","base.state_id_sb","646","base.id","100"
"rv_location_custom.city_id_282","796","Kabupaten Dogiyai","base.state_id_pa","635","base.id","100"
"rv_location_custom.city_id_248","762","Kabupaten Dompu","base.state_id_nb","633","base.id","100"
"rv_location_custom.city_id_405","919","Kabupaten Donggala","base.state_id_st","643","base.id","100"
"rv_location_custom.city_id_466","980","Kabupaten Empat Lawang","base.state_id_ss","647","base.id","100"
"rv_location_custom.city_id_258","772","Kabupaten Ende","base.state_id_nt","634","base.id","100"
"rv_location_custom.city_id_381","895","Kabupaten Enrekang","base.state_id_sn","642","base.id","100"
"rv_location_custom.city_id_307","821","Kabupaten Fakfak","base.state_id_pb","636","base.id","100"
"rv_location_custom.city_id_259","773","Kabupaten Flores Timur","base.state_id_nt","634","base.id","100"
"rv_location_custom.city_id_61","575","Kabupaten Garut","base.state_id_jb","621","base.id","100"
"rv_location_custom.city_id_346","860","Kabupaten Gayo Lues","base.state_id_ac","613","base.id","100"
"rv_location_custom.city_id_359","873","Kabupaten Gianyar","base.state_id_ba","614","base.id","100"
"rv_location_custom.city_id_33","547","Kabupaten Gorontalo","base.state_id_go","618","base.id","100"
"rv_location_custom.city_id_34","548","Kabupaten Gorontalo Utara","base.state_id_go","618","base.id","100"
"rv_location_custom.city_id_382","896","Kabupaten Gowa","base.state_id_sn","642","base.id","100"
"rv_location_custom.city_id_116","630","Kabupaten Gresik","base.state_id_ji","623","base.id","100"
"rv_location_custom.city_id_82","596","Kabupaten Grobogan","base.state_id_jt","622","base.id","100"
"rv_location_custom.city_id_20","534","Kabupaten Gunung Kidul","base.state_id_yo","649","base.id","100"
"rv_location_custom.city_id_177","691","Kabupaten Gunung Mas","base.state_id_kt","626","base.id","100"
"rv_location_custom.city_id_236","750","Kabupaten Halmahera Barat","base.state_id_mu","632","base.id","100"
"rv_location_custom.city_id_237","751","Kabupaten Halmahera Selatan","base.state_id_mu","632","base.id","100"
"rv_location_custom.city_id_238","752","Kabupaten Halmahera Tengah","base.state_id_mu","632","base.id","100"
"rv_location_custom.city_id_239","753","Kabupaten Halmahera Timur","base.state_id_mu","632","base.id","100"
"rv_location_custom.city_id_240","754","Kabupaten Halmahera Utara","base.state_id_mu","632","base.id","100"
"rv_location_custom.city_id_166","680","Kabupaten Hulu Sungai Selatan","base.state_id_ks","625","base.id","100"
"rv_location_custom.city_id_167","681","Kabupaten Hulu Sungai Tengah","base.state_id_ks","625","base.id","100"
"rv_location_custom.city_id_168","682","Kabupaten Hulu Sungai Utara","base.state_id_ks","625","base.id","100"
"rv_location_custom.city_id_488","1002","Kabupaten Humbang Hasundutan","base.state_id_su","648","base.id","100"
"rv_location_custom.city_id_322","836","Kabupaten Indragiri Hilir","base.state_id_ri","640","base.id","100"
"rv_location_custom.city_id_323","837","Kabupaten Indragiri Hulu","base.state_id_ri","640","base.id","100"
"rv_location_custom.city_id_62","576","Kabupaten Indramayu","base.state_id_jb","621","base.id","100"
"rv_location_custom.city_id_283","797","Kabupaten Intan Jaya","base.state_id_pa","635","base.id","100"
"rv_location_custom.city_id_285","799","Kabupaten Jayapura","base.state_id_pa","635","base.id","100"
"rv_location_custom.city_id_286","800","Kabupaten Jayawijaya","base.state_id_pp","639","base.id","100"
"rv_location_custom.city_id_117","631","Kabupaten Jember","base.state_id_ji","623","base.id","100"
"rv_location_custom.city_id_360","874","Kabupaten Jembrana","base.state_id_ba","614","base.id","100"
"rv_location_custom.city_id_383","897","Kabupaten Jeneponto","base.state_id_sn","642","base.id","100"
"rv_location_custom.city_id_83","597","Kabupaten Jepara","base.state_id_jt","622","base.id","100"
"rv_location_custom.city_id_118","632","Kabupaten Jombang","base.state_id_ji","623","base.id","100"
"rv_location_custom.city_id_308","822","Kabupaten Kaimana","base.state_id_pb","636","base.id","100"
"rv_location_custom.city_id_324","838","Kabupaten Kampar","base.state_id_ri","640","base.id","100"
"rv_location_custom.city_id_178","692","Kabupaten Kapuas","base.state_id_kt","626","base.id","100"
"rv_location_custom.city_id_148","662","Kabupaten Kapuas Hulu","base.state_id_kb","624","base.id","100"
"rv_location_custom.city_id_84","598","Kabupaten Karanganyar","base.state_id_jt","622","base.id","100"
"rv_location_custom.city_id_361","875","Kabupaten Karangasem","base.state_id_ba","614","base.id","100"
"rv_location_custom.city_id_63","577","Kabupaten Karawang","base.state_id_jb","621","base.id","100"
"rv_location_custom.city_id_205","719","Kabupaten Karimun","base.state_id_kr","629","base.id","100"
"rv_location_custom.city_id_489","1003","Kabupaten Karo","base.state_id_su","648","base.id","100"
"rv_location_custom.city_id_179","693","Kabupaten Katingan","base.state_id_kt","626","base.id","100"
"rv_location_custom.city_id_13","527","Kabupaten Kaur","base.state_id_be","617","base.id","100"
"rv_location_custom.city_id_149","663","Kabupaten Kayong Utara","base.state_id_kb","624","base.id","100"
"rv_location_custom.city_id_85","599","Kabupaten Kebumen","base.state_id_jt","622","base.id","100"
"rv_location_custom.city_id_120","634","Kabupaten Kediri","base.state_id_ji","623","base.id","100"
"rv_location_custom.city_id_287","801","Kabupaten Keerom","base.state_id_pa","635","base.id","100"
"rv_location_custom.city_id_86","600","Kabupaten Kendal","base.state_id_jt","622","base.id","100"
"rv_location_custom.city_id_14","528","Kabupaten Kepahiang","base.state_id_be","617","base.id","100"
"rv_location_custom.city_id_206","720","Kabupaten Kepulauan Anambas","base.state_id_kr","629","base.id","100"
"rv_location_custom.city_id_228","742","Kabupaten Kepulauan Aru","base.state_id_ma","631","base.id","100"
"rv_location_custom.city_id_449","963","Kabupaten Kepulauan Mentawai","base.state_id_sb","646","base.id","100"
"rv_location_custom.city_id_325","839","Kabupaten Kepulauan Meranti","base.state_id_ri","640","base.id","100"
"rv_location_custom.city_id_436","950","Kabupaten Kepulauan Sangihe","base.state_id_sa","645","base.id","100"
"rv_location_custom.city_id_384","898","Kabupaten Kepulauan Selayar","base.state_id_sn","642","base.id","100"
"rv_location_custom.city_id_29","543","Kabupaten Kepulauan Seribu","base.state_id_jk","619","base.id","100"
"rv_location_custom.city_id_437","951","Kabupaten Kepulauan Siau Tagulandang Biaro (Sitaro)","base.state_id_sa","645","base.id","100"
"rv_location_custom.city_id_241","755","Kabupaten Kepulauan Sula","base.state_id_mu","632","base.id","100"
"rv_location_custom.city_id_438","952","Kabupaten Kepulauan Talaud","base.state_id_sa","645","base.id","100"
"rv_location_custom.city_id_288","802","Kabupaten Kepulauan Yapen","base.state_id_pa","635","base.id","100"
"rv_location_custom.city_id_39","553","Kabupaten Kerinci","base.state_id_ja","620","base.id","100"
"rv_location_custom.city_id_150","664","Kabupaten Ketapang","base.state_id_kb","624","base.id","100"
"rv_location_custom.city_id_87","601","Kabupaten Klaten","base.state_id_jt","622","base.id","100"
"rv_location_custom.city_id_362","876","Kabupaten Klungkung","base.state_id_ba","614","base.id","100"
"rv_location_custom.city_id_421","935","Kabupaten Kolaka","base.state_id_sg","644","base.id","100"
"rv_location_custom.city_id_422","936","Kabupaten Kolaka Timur","base.state_id_sg","644","base.id","100"
"rv_location_custom.city_id_423","937","Kabupaten Kolaka Utara","base.state_id_sg","644","base.id","100"
"rv_location_custom.city_id_424","938","Kabupaten Konawe","base.state_id_sg","644","base.id","100"
"rv_location_custom.city_id_425","939","Kabupaten Konawe Kepulauan","base.state_id_sg","644","base.id","100"
"rv_location_custom.city_id_426","940","Kabupaten Konawe Selatan","base.state_id_sg","644","base.id","100"
"rv_location_custom.city_id_427","941","Kabupaten Konawe Utara","base.state_id_sg","644","base.id","100"
"rv_location_custom.city_id_169","683","Kabupaten Kotabaru","base.state_id_ks","625","base.id","100"
"rv_location_custom.city_id_180","694","Kabupaten Kotawaringin Barat","base.state_id_kt","626","base.id","100"
"rv_location_custom.city_id_181","695","Kabupaten Kotawaringin Timur","base.state_id_kt","626","base.id","100"
"rv_location_custom.city_id_326","840","Kabupaten Kuantan Singingi","base.state_id_ri","640","base.id","100"
"rv_location_custom.city_id_151","665","Kabupaten Kubu Raya","base.state_id_kb","624","base.id","100"
"rv_location_custom.city_id_88","602","Kabupaten Kudus","base.state_id_jt","622","base.id","100"
"rv_location_custom.city_id_21","535","Kabupaten Kulon Progo","base.state_id_yo","649","base.id","100"
"rv_location_custom.city_id_64","578","Kabupaten Kuningan","base.state_id_jb","621","base.id","100"
"rv_location_custom.city_id_261","775","Kabupaten Kupang","base.state_id_nt","634","base.id","100"
"rv_location_custom.city_id_191","705","Kabupaten Kutai Barat","base.state_id_ki","627","base.id","100"
"rv_location_custom.city_id_192","706","Kabupaten Kutai Kartanegara","base.state_id_ki","627","base.id","100"
"rv_location_custom.city_id_193","707","Kabupaten Kutai Timur","base.state_id_ki","627","base.id","100"
"rv_location_custom.city_id_490","1004","Kabupaten Labuhanbatu","base.state_id_su","648","base.id","100"
"rv_location_custom.city_id_491","1005","Kabupaten Labuhanbatu Selatan","base.state_id_su","648","base.id","100"
"rv_location_custom.city_id_492","1006","Kabupaten Labuhanbatu Utara","base.state_id_su","648","base.id","100"
"rv_location_custom.city_id_467","981","Kabupaten Lahat","base.state_id_ss","647","base.id","100"
"rv_location_custom.city_id_182","696","Kabupaten Lamandau","base.state_id_kt","626","base.id","100"
"rv_location_custom.city_id_121","635","Kabupaten Lamongan","base.state_id_ji","623","base.id","100"
"rv_location_custom.city_id_211","725","Kabupaten Lampung Barat","base.state_id_la","630","base.id","100"
"rv_location_custom.city_id_212","726","Kabupaten Lampung Selatan","base.state_id_la","630","base.id","100"
"rv_location_custom.city_id_213","727","Kabupaten Lampung Tengah","base.state_id_la","630","base.id","100"
"rv_location_custom.city_id_214","728","Kabupaten Lampung Timur","base.state_id_la","630","base.id","100"
"rv_location_custom.city_id_215","729","Kabupaten Lampung Utara","base.state_id_la","630","base.id","100"
"rv_location_custom.city_id_152","666","Kabupaten Landak","base.state_id_kb","624","base.id","100"
"rv_location_custom.city_id_493","1007","Kabupaten Langkat","base.state_id_su","648","base.id","100"
"rv_location_custom.city_id_289","803","Kabupaten Lanny Jaya","base.state_id_pp","639","base.id","100"
"rv_location_custom.city_id_2","516","Kabupaten Lebak","base.state_id_bt","616","base.id","100"
"rv_location_custom.city_id_15","529","Kabupaten Lebong","base.state_id_be","617","base.id","100"
"rv_location_custom.city_id_262","776","Kabupaten Lembata","base.state_id_nt","634","base.id","100"
"rv_location_custom.city_id_450","964","Kabupaten Lima Puluh Kota","base.state_id_sb","646","base.id","100"
"rv_location_custom.city_id_207","721","Kabupaten Lingga","base.state_id_kr","629","base.id","100"
"rv_location_custom.city_id_249","763","Kabupaten Lombok Barat","base.state_id_nb","633","base.id","100"
"rv_location_custom.city_id_250","764","Kabupaten Lombok Tengah","base.state_id_nb","633","base.id","100"
"rv_location_custom.city_id_251","765","Kabupaten Lombok Timur","base.state_id_nb","633","base.id","100"
"rv_location_custom.city_id_252","766","Kabupaten Lombok Utara","base.state_id_nb","633","base.id","100"
"rv_location_custom.city_id_122","636","Kabupaten Lumajang","base.state_id_ji","623","base.id","100"
"rv_location_custom.city_id_385","899","Kabupaten Luwu","base.state_id_sn","642","base.id","100"
"rv_location_custom.city_id_386","900","Kabupaten Luwu Timur","base.state_id_sn","642","base.id","100"
"rv_location_custom.city_id_387","901","Kabupaten Luwu Utara","base.state_id_sn","642","base.id","100"
"rv_location_custom.city_id_124","638","Kabupaten Madiun","base.state_id_ji","623","base.id","100"
"rv_location_custom.city_id_90","604","Kabupaten Magelang","base.state_id_jt","622","base.id","100"
"rv_location_custom.city_id_125","639","Kabupaten Magetan","base.state_id_ji","623","base.id","100"
"rv_location_custom.city_id_194","708","Kabupaten Mahakam Ulu","base.state_id_ki","627","base.id","100"
"rv_location_custom.city_id_65","579","Kabupaten Majalengka","base.state_id_jb","621","base.id","100"
"rv_location_custom.city_id_371","885","Kabupaten Majene","base.state_id_sr","641","base.id","100"
"rv_location_custom.city_id_263","777","Kabupaten Malaka","base.state_id_nt","634","base.id","100"
"rv_location_custom.city_id_127","641","Kabupaten Malang","base.state_id_ji","623","base.id","100"
"rv_location_custom.city_id_199","713","Kabupaten Malinau","base.state_id_ku","628","base.id","100"
"rv_location_custom.city_id_229","743","Kabupaten Maluku Barat Daya","base.state_id_ma","631","base.id","100"
"rv_location_custom.city_id_230","744","Kabupaten Maluku Tengah","base.state_id_ma","631","base.id","100"
"rv_location_custom.city_id_231","745","Kabupaten Maluku Tenggara","base.state_id_ma","631","base.id","100"
"rv_location_custom.city_id_232","746","Kabupaten Maluku Tenggara Barat","base.state_id_ma","631","base.id","100"
"rv_location_custom.city_id_372","886","Kabupaten Mamasa","base.state_id_sr","641","base.id","100"
"rv_location_custom.city_id_290","804","Kabupaten Mamberamo Raya","base.state_id_pa","635","base.id","100"
"rv_location_custom.city_id_291","805","Kabupaten Mamberamo Tengah","base.state_id_pp","639","base.id","100"
"rv_location_custom.city_id_373","887","Kabupaten Mamuju","base.state_id_sr","641","base.id","100"
"rv_location_custom.city_id_374","888","Kabupaten Mamuju Tengah","base.state_id_sr","641","base.id","100"
"rv_location_custom.city_id_375","889","Kabupaten Mamuju Utara","base.state_id_sr","641","base.id","100"
"rv_location_custom.city_id_494","1008","Kabupaten Mandailing Natal","base.state_id_su","648","base.id","100"
"rv_location_custom.city_id_264","778","Kabupaten Manggarai","base.state_id_nt","634","base.id","100"
"rv_location_custom.city_id_265","779","Kabupaten Manggarai Barat","base.state_id_nt","634","base.id","100"
"rv_location_custom.city_id_266","780","Kabupaten Manggarai Timur","base.state_id_nt","634","base.id","100"
"rv_location_custom.city_id_309","823","Kabupaten Manokwari","base.state_id_pb","636","base.id","100"
"rv_location_custom.city_id_310","824","Kabupaten Manokwari Selatan","base.state_id_pb","636","base.id","100"
"rv_location_custom.city_id_292","806","Kabupaten Mappi","base.state_id_pa","635","base.id","100"
"rv_location_custom.city_id_389","903","Kabupaten Maros","base.state_id_sn","642","base.id","100"
"rv_location_custom.city_id_311","825","Kabupaten Maybrat","base.state_id_pb","636","base.id","100"
"rv_location_custom.city_id_153","667","Kabupaten Melawi","base.state_id_kb","624","base.id","100"
"rv_location_custom.city_id_154","668","Kabupaten Mempawah","base.state_id_kb","624","base.id","100"
"rv_location_custom.city_id_40","554","Kabupaten Merangin","base.state_id_ja","620","base.id","100"
"rv_location_custom.city_id_293","807","Kabupaten Merauke","base.state_id_pa","635","base.id","100"
"rv_location_custom.city_id_216","730","Kabupaten Mesuji","base.state_id_la","630","base.id","100"
"rv_location_custom.city_id_294","808","Kabupaten Mimika","base.state_id_pa","635","base.id","100"
"rv_location_custom.city_id_441","955","Kabupaten Minahasa","base.state_id_sa","645","base.id","100"
"rv_location_custom.city_id_442","956","Kabupaten Minahasa Selatan","base.state_id_sa","645","base.id","100"
"rv_location_custom.city_id_443","957","Kabupaten Minahasa Tenggara","base.state_id_sa","645","base.id","100"
"rv_location_custom.city_id_444","958","Kabupaten Minahasa Utara","base.state_id_sa","645","base.id","100"
"rv_location_custom.city_id_129","643","Kabupaten Mojokerto","base.state_id_ji","623","base.id","100"
"rv_location_custom.city_id_406","920","Kabupaten Morowali","base.state_id_st","643","base.id","100"
"rv_location_custom.city_id_407","921","Kabupaten Morowali Utara","base.state_id_st","643","base.id","100"
"rv_location_custom.city_id_469","983","Kabupaten Muara Enim","base.state_id_ss","647","base.id","100"
"rv_location_custom.city_id_41","555","Kabupaten Muaro Jambi","base.state_id_ja","620","base.id","100"
"rv_location_custom.city_id_16","530","Kabupaten Muko Muko","base.state_id_be","617","base.id","100"
"rv_location_custom.city_id_428","942","Kabupaten Muna","base.state_id_sg","644","base.id","100"
"rv_location_custom.city_id_429","943","Kabupaten Muna Barat","base.state_id_sg","644","base.id","100"
"rv_location_custom.city_id_183","697","Kabupaten Murung Raya","base.state_id_kt","626","base.id","100"
"rv_location_custom.city_id_470","984","Kabupaten Musi Banyuasin","base.state_id_ss","647","base.id","100"
"rv_location_custom.city_id_471","985","Kabupaten Musi Rawas","base.state_id_ss","647","base.id","100"
"rv_location_custom.city_id_472","986","Kabupaten Musi Rawas Utara","base.state_id_ss","647","base.id","100"
"rv_location_custom.city_id_295","809","Kabupaten Nabire","base.state_id_pa","635","base.id","100"
"rv_location_custom.city_id_349","863","Kabupaten Nagan Raya","base.state_id_ac","613","base.id","100"
"rv_location_custom.city_id_267","781","Kabupaten Nagekeo","base.state_id_nt","634","base.id","100"
"rv_location_custom.city_id_208","722","Kabupaten Natuna","base.state_id_kr","629","base.id","100"
"rv_location_custom.city_id_296","810","Kabupaten Nduga","base.state_id_pp","639","base.id","100"
"rv_location_custom.city_id_268","782","Kabupaten Ngada","base.state_id_nt","634","base.id","100"
"rv_location_custom.city_id_130","644","Kabupaten Nganjuk","base.state_id_ji","623","base.id","100"
"rv_location_custom.city_id_131","645","Kabupaten Ngawi","base.state_id_ji","623","base.id","100"
"rv_location_custom.city_id_496","1010","Kabupaten Nias","base.state_id_su","648","base.id","100"
"rv_location_custom.city_id_497","1011","Kabupaten Nias Barat","base.state_id_su","648","base.id","100"
"rv_location_custom.city_id_498","1012","Kabupaten Nias Selatan","base.state_id_su","648","base.id","100"
"rv_location_custom.city_id_499","1013","Kabupaten Nias Utara","base.state_id_su","648","base.id","100"
"rv_location_custom.city_id_200","714","Kabupaten Nunukan","base.state_id_ku","628","base.id","100"
"rv_location_custom.city_id_473","987","Kabupaten Ogan Ilir","base.state_id_ss","647","base.id","100"
"rv_location_custom.city_id_474","988","Kabupaten Ogan Komering Ilir","base.state_id_ss","647","base.id","100"
"rv_location_custom.city_id_475","989","Kabupaten Ogan Komering Ulu","base.state_id_ss","647","base.id","100"
"rv_location_custom.city_id_476","990","Kabupaten Ogan Komering Ulu Selatan","base.state_id_ss","647","base.id","100"
"rv_location_custom.city_id_477","991","Kabupaten Ogan Komering Ulu Timur","base.state_id_ss","647","base.id","100"
"rv_location_custom.city_id_132","646","Kabupaten Pacitan","base.state_id_ji","623","base.id","100"
"rv_location_custom.city_id_500","1014","Kabupaten Padang Lawas","base.state_id_su","648","base.id","100"
"rv_location_custom.city_id_501","1015","Kabupaten Padang Lawas Utara","base.state_id_su","648","base.id","100"
"rv_location_custom.city_id_453","967","Kabupaten Padang Pariaman","base.state_id_sb","646","base.id","100"
"rv_location_custom.city_id_503","1017","Kabupaten Pakpak Bharat","base.state_id_su","648","base.id","100"
"rv_location_custom.city_id_133","647","Kabupaten Pamekasan","base.state_id_ji","623","base.id","100"
"rv_location_custom.city_id_3","517","Kabupaten Pandeglang","base.state_id_bt","616","base.id","100"
"rv_location_custom.city_id_66","580","Kabupaten Pangandaran","base.state_id_jb","621","base.id","100"
"rv_location_custom.city_id_391","905","Kabupaten Pangkajene Kepulauan","base.state_id_sn","642","base.id","100"
"rv_location_custom.city_id_297","811","Kabupaten Paniai","base.state_id_pa","635","base.id","100"
"rv_location_custom.city_id_409","923","Kabupaten Parigi Moutong","base.state_id_st","643","base.id","100"
"rv_location_custom.city_id_455","969","Kabupaten Pasaman","base.state_id_sb","646","base.id","100"
"rv_location_custom.city_id_456","970","Kabupaten Pasaman Barat","base.state_id_sb","646","base.id","100"
"rv_location_custom.city_id_195","709","Kabupaten Paser","base.state_id_ki","627","base.id","100"
"rv_location_custom.city_id_135","649","Kabupaten Pasuruan","base.state_id_ji","623","base.id","100"
"rv_location_custom.city_id_91","605","Kabupaten Pati","base.state_id_jt","622","base.id","100"
"rv_location_custom.city_id_312","826","Kabupaten Pegunungan Arfak","base.state_id_pb","636","base.id","100"
"rv_location_custom.city_id_298","812","Kabupaten Pegunungan Bintang","base.state_id_pp","639","base.id","100"
"rv_location_custom.city_id_93","607","Kabupaten Pekalongan","base.state_id_jt","622","base.id","100"
"rv_location_custom.city_id_328","842","Kabupaten Pelalawan","base.state_id_ri","640","base.id","100"
"rv_location_custom.city_id_94","608","Kabupaten Pemalang","base.state_id_jt","622","base.id","100"
"rv_location_custom.city_id_196","710","Kabupaten Penajam Paser Utara","base.state_id_ki","627","base.id","100"
"rv_location_custom.city_id_480","994","Kabupaten Penukal Abab Lematang Ilir","base.state_id_ss","647","base.id","100"
"rv_location_custom.city_id_218","732","Kabupaten Pesawaran","base.state_id_la","630","base.id","100"
"rv_location_custom.city_id_219","733","Kabupaten Pesisir Barat","base.state_id_la","630","base.id","100"
"rv_location_custom.city_id_458","972","Kabupaten Pesisir Selatan","base.state_id_sb","646","base.id","100"
"rv_location_custom.city_id_350","864","Kabupaten Pidie","base.state_id_ac","613","base.id","100"
"rv_location_custom.city_id_351","865","Kabupaten Pidie Jaya","base.state_id_ac","613","base.id","100"
"rv_location_custom.city_id_393","907","Kabupaten Pinrang","base.state_id_sn","642","base.id","100"
"rv_location_custom.city_id_35","549","Kabupaten Pohuwato","base.state_id_go","618","base.id","100"
"rv_location_custom.city_id_376","890","Kabupaten Polewali Mandar","base.state_id_sr","641","base.id","100"
"rv_location_custom.city_id_136","650","Kabupaten Ponorogo","base.state_id_ji","623","base.id","100"
"rv_location_custom.city_id_410","924","Kabupaten Poso","base.state_id_st","643","base.id","100"
"rv_location_custom.city_id_220","734","Kabupaten Pringsewu","base.state_id_la","630","base.id","100"
"rv_location_custom.city_id_138","652","Kabupaten Probolinggo","base.state_id_ji","623","base.id","100"
"rv_location_custom.city_id_185","699","Kabupaten Pulang Pisau","base.state_id_kt","626","base.id","100"
"rv_location_custom.city_id_242","756","Kabupaten Pulau Morotai","base.state_id_mu","632","base.id","100"
"rv_location_custom.city_id_243","757","Kabupaten Pulau Taliabu","base.state_id_mu","632","base.id","100"
"rv_location_custom.city_id_299","813","Kabupaten Puncak","base.state_id_pa","635","base.id","100"
"rv_location_custom.city_id_300","814","Kabupaten Puncak Jaya","base.state_id_pa","635","base.id","100"
"rv_location_custom.city_id_95","609","Kabupaten Purbalingga","base.state_id_jt","622","base.id","100"
"rv_location_custom.city_id_67","581","Kabupaten Purwakarta","base.state_id_jb","621","base.id","100"
"rv_location_custom.city_id_96","610","Kabupaten Purworejo","base.state_id_jt","622","base.id","100"
"rv_location_custom.city_id_313","827","Kabupaten Raja Ampat","base.state_id_pb","636","base.id","100"
"rv_location_custom.city_id_17","531","Kabupaten Rejang Lebong","base.state_id_be","617","base.id","100"
"rv_location_custom.city_id_97","611","Kabupaten Rembang","base.state_id_jt","622","base.id","100"
"rv_location_custom.city_id_329","843","Kabupaten Rokan Hilir","base.state_id_ri","640","base.id","100"
"rv_location_custom.city_id_330","844","Kabupaten Rokan Hulu","base.state_id_ri","640","base.id","100"
"rv_location_custom.city_id_269","783","Kabupaten Rote Ndao","base.state_id_nt","634","base.id","100"
"rv_location_custom.city_id_270","784","Kabupaten Sabu Raijua","base.state_id_nt","634","base.id","100"
"rv_location_custom.city_id_156","670","Kabupaten Sambas","base.state_id_kb","624","base.id","100"
"rv_location_custom.city_id_505","1019","Kabupaten Samosir","base.state_id_su","648","base.id","100"
"rv_location_custom.city_id_139","653","Kabupaten Sampang","base.state_id_ji","623","base.id","100"
"rv_location_custom.city_id_157","671","Kabupaten Sanggau","base.state_id_kb","624","base.id","100"
"rv_location_custom.city_id_301","815","Kabupaten Sarmi","base.state_id_pa","635","base.id","100"
"rv_location_custom.city_id_42","556","Kabupaten Sarolangun","base.state_id_ja","620","base.id","100"
"rv_location_custom.city_id_158","672","Kabupaten Sekadau","base.state_id_kb","624","base.id","100"
"rv_location_custom.city_id_18","532","Kabupaten Seluma","base.state_id_be","617","base.id","100"
"rv_location_custom.city_id_100","614","Kabupaten Semarang","base.state_id_jt","622","base.id","100"
"rv_location_custom.city_id_233","747","Kabupaten Seram Bagian Barat","base.state_id_ma","631","base.id","100"
"rv_location_custom.city_id_234","748","Kabupaten Seram Bagian Timur","base.state_id_ma","631","base.id","100"
"rv_location_custom.city_id_5","519","Kabupaten Serang","base.state_id_bt","616","base.id","100"
"rv_location_custom.city_id_506","1020","Kabupaten Serdang Bedagai","base.state_id_su","648","base.id","100"
"rv_location_custom.city_id_186","700","Kabupaten Seruyan","base.state_id_kt","626","base.id","100"
"rv_location_custom.city_id_331","845","Kabupaten Siak","base.state_id_ri","640","base.id","100"
"rv_location_custom.city_id_394","908","Kabupaten Sidenreng Rappang","base.state_id_sn","642","base.id","100"
"rv_location_custom.city_id_140","654","Kabupaten Sidoarjo","base.state_id_ji","623","base.id","100"
"rv_location_custom.city_id_411","925","Kabupaten Sigi","base.state_id_st","643","base.id","100"
"rv_location_custom.city_id_460","974","Kabupaten Sijunjung","base.state_id_sb","646","base.id","100"
"rv_location_custom.city_id_271","785","Kabupaten Sikka","base.state_id_nt","634","base.id","100"
"rv_location_custom.city_id_508","1022","Kabupaten Simalungun","base.state_id_su","648","base.id","100"
"rv_location_custom.city_id_353","867","Kabupaten Simeulue","base.state_id_ac","613","base.id","100"
"rv_location_custom.city_id_395","909","Kabupaten Sinjai","base.state_id_sn","642","base.id","100"
"rv_location_custom.city_id_160","674","Kabupaten Sintang","base.state_id_kb","624","base.id","100"
"rv_location_custom.city_id_141","655","Kabupaten Situbondo","base.state_id_ji","623","base.id","100"
"rv_location_custom.city_id_22","536","Kabupaten Sleman","base.state_id_yo","649","base.id","100"
"rv_location_custom.city_id_462","976","Kabupaten Solok","base.state_id_sb","646","base.id","100"
"rv_location_custom.city_id_463","977","Kabupaten Solok Selatan","base.state_id_sb","646","base.id","100"
"rv_location_custom.city_id_396","910","Kabupaten Soppeng","base.state_id_sn","642","base.id","100"
"rv_location_custom.city_id_315","829","Kabupaten Sorong","base.state_id_pb","636","base.id","100"
"rv_location_custom.city_id_316","830","Kabupaten Sorong Selatan","base.state_id_pb","636","base.id","100"
"rv_location_custom.city_id_101","615","Kabupaten Sragen","base.state_id_jt","622","base.id","100"
"rv_location_custom.city_id_68","582","Kabupaten Subang","base.state_id_jb","621","base.id","100"
"rv_location_custom.city_id_70","584","Kabupaten Sukabumi","base.state_id_jb","621","base.id","100"
"rv_location_custom.city_id_187","701","Kabupaten Sukamara","base.state_id_kt","626","base.id","100"
"rv_location_custom.city_id_102","616","Kabupaten Sukoharjo","base.state_id_jt","622","base.id","100"
"rv_location_custom.city_id_272","786","Kabupaten Sumba Barat","base.state_id_nt","634","base.id","100"
"rv_location_custom.city_id_273","787","Kabupaten Sumba Barat Daya","base.state_id_nt","634","base.id","100"
"rv_location_custom.city_id_274","788","Kabupaten Sumba Tengah","base.state_id_nt","634","base.id","100"
"rv_location_custom.city_id_275","789","Kabupaten Sumba Timur","base.state_id_nt","634","base.id","100"
"rv_location_custom.city_id_254","768","Kabupaten Sumbawa","base.state_id_nb","633","base.id","100"
"rv_location_custom.city_id_255","769","Kabupaten Sumbawa Barat","base.state_id_nb","633","base.id","100"
"rv_location_custom.city_id_71","585","Kabupaten Sumedang","base.state_id_jb","621","base.id","100"
"rv_location_custom.city_id_142","656","Kabupaten Sumenep","base.state_id_ji","623","base.id","100"
"rv_location_custom.city_id_302","816","Kabupaten Supiori","base.state_id_pa","635","base.id","100"
"rv_location_custom.city_id_170","684","Kabupaten Tabalong","base.state_id_ks","625","base.id","100"
"rv_location_custom.city_id_363","877","Kabupaten Tabanan","base.state_id_ba","614","base.id","100"
"rv_location_custom.city_id_397","911","Kabupaten Takalar","base.state_id_sn","642","base.id","100"
"rv_location_custom.city_id_317","831","Kabupaten Tambrauw","base.state_id_pb","636","base.id","100"
"rv_location_custom.city_id_201","715","Kabupaten Tana Tidung","base.state_id_ku","628","base.id","100"
"rv_location_custom.city_id_398","912","Kabupaten Tana Toraja","base.state_id_sn","642","base.id","100"
"rv_location_custom.city_id_171","685","Kabupaten Tanah Bumbu","base.state_id_ks","625","base.id","100"
"rv_location_custom.city_id_464","978","Kabupaten Tanah Datar","base.state_id_sb","646","base.id","100"
"rv_location_custom.city_id_172","686","Kabupaten Tanah Laut","base.state_id_ks","625","base.id","100"
"rv_location_custom.city_id_7","521","Kabupaten Tangerang","base.state_id_bt","616","base.id","100"
"rv_location_custom.city_id_221","735","Kabupaten Tanggamus","base.state_id_la","630","base.id","100"
"rv_location_custom.city_id_44","558","Kabupaten Tanjung Jabung Barat","base.state_id_ja","620","base.id","100"
"rv_location_custom.city_id_45","559","Kabupaten Tanjung Jabung Timur","base.state_id_ja","620","base.id","100"
"rv_location_custom.city_id_510","1024","Kabupaten Tapanuli Selatan","base.state_id_su","648","base.id","100"
"rv_location_custom.city_id_511","1025","Kabupaten Tapanuli Tengah","base.state_id_su","648","base.id","100"
"rv_location_custom.city_id_512","1026","Kabupaten Tapanuli Utara","base.state_id_su","648","base.id","100"
"rv_location_custom.city_id_173","687","Kabupaten Tapin","base.state_id_ks","625","base.id","100"
"rv_location_custom.city_id_73","587","Kabupaten Tasikmalaya","base.state_id_jb","621","base.id","100"
"rv_location_custom.city_id_46","560","Kabupaten Tebo","base.state_id_ja","620","base.id","100"
"rv_location_custom.city_id_105","619","Kabupaten Tegal","base.state_id_jt","622","base.id","100"
"rv_location_custom.city_id_318","832","Kabupaten Teluk Bintuni","base.state_id_pb","636","base.id","100"
"rv_location_custom.city_id_319","833","Kabupaten Teluk Wondama","base.state_id_pb","636","base.id","100"
"rv_location_custom.city_id_106","620","Kabupaten Temanggung","base.state_id_jt","622","base.id","100"
"rv_location_custom.city_id_276","790","Kabupaten Timor Tengah Selatan","base.state_id_nt","634","base.id","100"
"rv_location_custom.city_id_277","791","Kabupaten Timor Tengah Utara","base.state_id_nt","634","base.id","100"
"rv_location_custom.city_id_514","1028","Kabupaten Toba Samosir","base.state_id_su","648","base.id","100"
"rv_location_custom.city_id_412","926","Kabupaten Tojo Una-Una","base.state_id_st","643","base.id","100"
"rv_location_custom.city_id_413","927","Kabupaten Toli-Toli","base.state_id_st","643","base.id","100"
"rv_location_custom.city_id_303","817","Kabupaten Tolikara","base.state_id_pp","639","base.id","100"
"rv_location_custom.city_id_399","913","Kabupaten Toraja Utara","base.state_id_sn","642","base.id","100"
"rv_location_custom.city_id_144","658","Kabupaten Trenggalek","base.state_id_ji","623","base.id","100"
"rv_location_custom.city_id_145","659","Kabupaten Tuban","base.state_id_ji","623","base.id","100"
"rv_location_custom.city_id_222","736","Kabupaten Tulang Bawang","base.state_id_la","630","base.id","100"
"rv_location_custom.city_id_223","737","Kabupaten Tulang Bawang Barat","base.state_id_la","630","base.id","100"
"rv_location_custom.city_id_146","660","Kabupaten Tulungagung","base.state_id_ji","623","base.id","100"
"rv_location_custom.city_id_400","914","Kabupaten Wajo","base.state_id_sn","642","base.id","100"
"rv_location_custom.city_id_430","944","Kabupaten Wakatobi","base.state_id_sg","644","base.id","100"
"rv_location_custom.city_id_304","818","Kabupaten Waropen","base.state_id_pa","635","base.id","100"
"rv_location_custom.city_id_224","738","Kabupaten Way Kanan","base.state_id_la","630","base.id","100"
"rv_location_custom.city_id_107","621","Kabupaten Wonogiri","base.state_id_jt","622","base.id","100"
"rv_location_custom.city_id_108","622","Kabupaten Wonosobo","base.state_id_jt","622","base.id","100"
"rv_location_custom.city_id_305","819","Kabupaten Yahukimo","base.state_id_pp","639","base.id","100"
"rv_location_custom.city_id_306","820","Kabupaten Yalimo","base.state_id_pp","639","base.id","100"
"rv_location_custom.city_id_225","739","Kota Ambon","base.state_id_ma","631","base.id","100"
"rv_location_custom.city_id_188","702","Kota Balikpapan","base.state_id_ki","627","base.id","100"
"rv_location_custom.city_id_343","857","Kota Banda Aceh","base.state_id_ac","613","base.id","100"
"rv_location_custom.city_id_210","724","Kota Bandar Lampung","base.state_id_la","630","base.id","100"
"rv_location_custom.city_id_47","561","Kota Bandung","base.state_id_jb","621","base.id","100"
"rv_location_custom.city_id_50","564","Kota Banjar","base.state_id_jb","621","base.id","100"
"rv_location_custom.city_id_163","677","Kota Banjarbaru","base.state_id_ks","625","base.id","100"
"rv_location_custom.city_id_164","678","Kota Banjarmasin","base.state_id_ks","625","base.id","100"
"rv_location_custom.city_id_203","717","Kota Batam","base.state_id_kr","629","base.id","100"
"rv_location_custom.city_id_111","625","Kota Batu","base.state_id_ji","623","base.id","100"
"rv_location_custom.city_id_414","928","Kota Bau-Bau","base.state_id_sg","644","base.id","100"
"rv_location_custom.city_id_51","565","Kota Bekasi","base.state_id_jb","621","base.id","100"
"rv_location_custom.city_id_9","523","Kota Bengkulu","base.state_id_be","617","base.id","100"
"rv_location_custom.city_id_246","760","Kota Bima","base.state_id_nb","633","base.id","100"
"rv_location_custom.city_id_484","998","Kota Binjai","base.state_id_su","648","base.id","100"
"rv_location_custom.city_id_431","945","Kota Bitung","base.state_id_sa","645","base.id","100"
"rv_location_custom.city_id_112","626","Kota Blitar","base.state_id_ji","623","base.id","100"
"rv_location_custom.city_id_53","567","Kota Bogor","base.state_id_jb","621","base.id","100"
"rv_location_custom.city_id_190","704","Kota Bontang","base.state_id_ki","627","base.id","100"
"rv_location_custom.city_id_447","961","Kota Bukittinggi","base.state_id_sb","646","base.id","100"
"rv_location_custom.city_id_1","515","Kota Cilegon","base.state_id_bt","616","base.id","100"
"rv_location_custom.city_id_57","571","Kota Cimahi","base.state_id_jb","621","base.id","100"
"rv_location_custom.city_id_58","572","Kota Cirebon","base.state_id_jb","621","base.id","100"
"rv_location_custom.city_id_358","872","Kota Denpasar","base.state_id_ba","614","base.id","100"
"rv_location_custom.city_id_60","574","Kota Depok","base.state_id_jb","621","base.id","100"
"rv_location_custom.city_id_321","835","Kota Dumai","base.state_id_ri","640","base.id","100"
"rv_location_custom.city_id_32","546","Kota Gorontalo","base.state_id_go","618","base.id","100"
"rv_location_custom.city_id_487","1001","Kota Gunungsitoli","base.state_id_su","648","base.id","100"
"rv_location_custom.city_id_24","538","Kota Jakarta Barat","base.state_id_jk","619","base.id","100"
"rv_location_custom.city_id_25","539","Kota Jakarta Pusat","base.state_id_jk","619","base.id","100"
"rv_location_custom.city_id_26","540","Kota Jakarta Selatan","base.state_id_jk","619","base.id","100"
"rv_location_custom.city_id_27","541","Kota Jakarta Timur","base.state_id_jk","619","base.id","100"
"rv_location_custom.city_id_28","542","Kota Jakarta Utara","base.state_id_jk","619","base.id","100"
"rv_location_custom.city_id_38","552","Kota Jambi","base.state_id_ja","620","base.id","100"
"rv_location_custom.city_id_284","798","Kota Jayapura","base.state_id_pa","635","base.id","100"
"rv_location_custom.city_id_119","633","Kota Kediri","base.state_id_ji","623","base.id","100"
"rv_location_custom.city_id_420","934","Kota Kendari","base.state_id_sg","644","base.id","100"
"rv_location_custom.city_id_439","953","Kota Kotamobagu","base.state_id_sa","645","base.id","100"
"rv_location_custom.city_id_260","774","Kota Kupang","base.state_id_nt","634","base.id","100"
"rv_location_custom.city_id_347","861","Kota Langsa","base.state_id_ac","613","base.id","100"
"rv_location_custom.city_id_348","862","Kota Lhokseumawe","base.state_id_ac","613","base.id","100"
"rv_location_custom.city_id_468","982","Kota Lubuk Linggau","base.state_id_ss","647","base.id","100"
"rv_location_custom.city_id_123","637","Kota Madiun","base.state_id_ji","623","base.id","100"
"rv_location_custom.city_id_89","603","Kota Magelang","base.state_id_jt","622","base.id","100"
"rv_location_custom.city_id_388","902","Kota Makassar","base.state_id_sn","642","base.id","100"
"rv_location_custom.city_id_126","640","Kota Malang","base.state_id_ji","623","base.id","100"
"rv_location_custom.city_id_440","954","Kota Manado","base.state_id_sa","645","base.id","100"
"rv_location_custom.city_id_253","767","Kota Mataram","base.state_id_nb","633","base.id","100"
"rv_location_custom.city_id_495","1009","Kota Medan","base.state_id_su","648","base.id","100"
"rv_location_custom.city_id_217","731","Kota Metro","base.state_id_la","630","base.id","100"
"rv_location_custom.city_id_128","642","Kota Mojokerto","base.state_id_ji","623","base.id","100"
"rv_location_custom.city_id_451","965","Kota Padang","base.state_id_sb","646","base.id","100"
"rv_location_custom.city_id_452","966","Kota Padang Panjang","base.state_id_sb","646","base.id","100"
"rv_location_custom.city_id_502","1016","Kota Padang Sidempuan","base.state_id_su","648","base.id","100"
"rv_location_custom.city_id_478","992","Kota Pagar Alam","base.state_id_ss","647","base.id","100"
"rv_location_custom.city_id_184","698","Kota Palangka Raya","base.state_id_kt","626","base.id","100"
"rv_location_custom.city_id_479","993","Kota Palembang","base.state_id_ss","647","base.id","100"
"rv_location_custom.city_id_390","904","Kota Palopo","base.state_id_sn","642","base.id","100"
"rv_location_custom.city_id_408","922","Kota Palu","base.state_id_st","643","base.id","100"
"rv_location_custom.city_id_370","884","Kota Pangkal Pinang","base.state_id_bb","615","base.id","100"
"rv_location_custom.city_id_392","906","Kota Parepare","base.state_id_sn","642","base.id","100"
"rv_location_custom.city_id_454","968","Kota Pariaman","base.state_id_sb","646","base.id","100"
"rv_location_custom.city_id_134","648","Kota Pasuruan","base.state_id_ji","623","base.id","100"
"rv_location_custom.city_id_457","971","Kota Payakumbuh","base.state_id_sb","646","base.id","100"
"rv_location_custom.city_id_92","606","Kota Pekalongan","base.state_id_jt","622","base.id","100"
"rv_location_custom.city_id_327","841","Kota Pekanbaru","base.state_id_ri","640","base.id","100"
"rv_location_custom.city_id_504","1018","Kota Pematang Siantar","base.state_id_su","648","base.id","100"
"rv_location_custom.city_id_155","669","Kota Pontianak","base.state_id_kb","624","base.id","100"
"rv_location_custom.city_id_481","995","Kota Prabumulih","base.state_id_ss","647","base.id","100"
"rv_location_custom.city_id_137","651","Kota Probolinggo","base.state_id_ji","623","base.id","100"
"rv_location_custom.city_id_98","612","Kota Salatiga","base.state_id_jt","622","base.id","100"
"rv_location_custom.city_id_197","711","Kota Samarinda","base.state_id_ki","627","base.id","100"
"rv_location_custom.city_id_459","973","Kota Sawah Lunto","base.state_id_sb","646","base.id","100"
"rv_location_custom.city_id_99","613","Kota Semarang","base.state_id_jt","622","base.id","100"
"rv_location_custom.city_id_4","518","Kota Serang","base.state_id_bt","616","base.id","100"
"rv_location_custom.city_id_507","1021","Kota Sibolga","base.state_id_su","648","base.id","100"
"rv_location_custom.city_id_159","673","Kota Singkawang","base.state_id_kb","624","base.id","100"
"rv_location_custom.city_id_461","975","Kota Solok","base.state_id_sb","646","base.id","100"
"rv_location_custom.city_id_314","828","Kota Sorong","base.state_id_pb","636","base.id","100"
"rv_location_custom.city_id_354","868","Kota Subulussalam","base.state_id_ac","613","base.id","100"
"rv_location_custom.city_id_69","583","Kota Sukabumi","base.state_id_jb","621","base.id","100"
"rv_location_custom.city_id_43","557","Kota Sungaipenuh","base.state_id_ja","620","base.id","100"
"rv_location_custom.city_id_143","657","Kota Surabaya","base.state_id_ji","623","base.id","100"
"rv_location_custom.city_id_103","617","Kota Surakarta","base.state_id_jt","622","base.id","100"
"rv_location_custom.city_id_6","520","Kota Tangerang","base.state_id_bt","616","base.id","100"
"rv_location_custom.city_id_8","522","Kota Tangerang Selatan","base.state_id_bt","616","base.id","100"
"rv_location_custom.city_id_509","1023","Kota Tanjung Balai","base.state_id_su","648","base.id","100"
"rv_location_custom.city_id_209","723","Kota Tanjung Pinang","base.state_id_kr","629","base.id","100"
"rv_location_custom.city_id_202","716","Kota Tarakan","base.state_id_ku","628","base.id","100"
"rv_location_custom.city_id_72","586","Kota Tasikmalaya","base.state_id_jb","621","base.id","100"
"rv_location_custom.city_id_513","1027","Kota Tebing Tinggi","base.state_id_su","648","base.id","100"
"rv_location_custom.city_id_104","618","Kota Tegal","base.state_id_jt","622","base.id","100"
"rv_location_custom.city_id_244","758","Kota Ternate","base.state_id_mu","632","base.id","100"
"rv_location_custom.city_id_245","759","Kota Tidore Kepulauan","base.state_id_mu","632","base.id","100"
"rv_location_custom.city_id_445","959","Kota Tomohon","base.state_id_sa","645","base.id","100"
"rv_location_custom.city_id_235","749","Kota Tual","base.state_id_ma","631","base.id","100"
"rv_location_custom.city_id_23","537","Kota Yogyakarta","base.state_id_yo","649","base.id","100"
